Name,Title/Alias/Rank,Tags,Relations,Age,Birth Year,Death Year,Family/Guild/Organisation,Home,Race/Species
"Adam, Vermillion Emperor",Vermillion Emperor,Aezatan,"Midnight Note (Midnight%20Note%20aabd4488c4ea43c393d10542ec8af339.md) Quills of Ios (Quills%20of%20Ios%206a92bc4f5c7c4629a25e19d47d321171.md) Ajax (Ajax%20e80cc5051c3f401bb0c84a59d5083fdb.md) ",15548,-12333,,,Aezatan Dynasty (Former),"Aezatan (Aezatan%203da707b77610408784cd1bdfc44fe23f.md) "
Agape Brightsky,Headmistress of the Academiae,Stellaria,"Stellaria (Stellaria%20f6088af7dce147c4aa46a6e35340ae67.md) ",68,3147,,,"Stellaria (Stellaria%20f6088af7dce147c4aa46a6e35340ae67.md) ","Pale Elf (Pale%20Elf%20f2b604f694fe4bd2a9e78480a2b535e0.md) "
Ahan Forgegrog,-,"Ebon Syndicate, Ordona","Ebon Syndicate (Ebon%20Syndicate%200374ad3a87cf4255bcfbadb2c0df9b5f.md) ",63,3150,3213,,"Ordona (Ordona%2097fdf7ca0d2f4b10aa4b2958a480b0b7.md) ","Dwarf (Dwarf%207b5851a6b05341bcb4d77736f736b8f8.md) "
Ajax,Aezatan (Aezatan%203da707b77610408784cd1bdfc44fe23f.md) Survivor,Aezatan,"Midnight Note (Midnight%20Note%20aabd4488c4ea43c393d10542ec8af339.md) Aezatan (Aezatan%203da707b77610408784cd1bdfc44fe23f.md) ",13215,-10000,,Quills of Ios (Quills%20of%20Ios%206a92bc4f5c7c4629a25e19d47d321171.md) (not an official member),"Aezatan Dynasty (Former)
Valkoria","Aezatan (Aezatan%203da707b77610408784cd1bdfc44fe23f.md) "
Akihiro Suzuki,Ebon Syndicate (Ebon%20Syndicate%200374ad3a87cf4255bcfbadb2c0df9b5f.md) Raven,"Bellmark's Landing, Ebon Syndicate, Yamagato","Ebon Syndicate (Ebon%20Syndicate%200374ad3a87cf4255bcfbadb2c0df9b5f.md) ",36,3179,,"Ebon Syndicate (Ebon%20Syndicate%200374ad3a87cf4255bcfbadb2c0df9b5f.md) ","Bellmark’s Landing (Bellmark%E2%80%99s%20Landing%2054c76e237a3b470da0856b090bec2ee2.md) Himoari (Himoari%20428d909dafc94e9d9293056ddd09ab51.md) ","Human (Human%2011face1141c540a18f85f67c37bf395b.md) "
Alekos Lightseeker,Astromancer,"Quills of Ios, Stellaria","Stellaria (Stellaria%20f6088af7dce147c4aa46a6e35340ae67.md) ",31,3184,,,"Dawnsreach (Dawnsreach%20761cae0d1e6a43e2ae73a08f7d6fc2ce.md) ","Pale Elf (Pale%20Elf%20f2b604f694fe4bd2a9e78480a2b535e0.md) "
Anais Mournhold,Sister,Emberdeep,"Church of the Twelve (Church%20of%20the%20Twelve%20a51ac19679214ca0b7344cddc3961507.md) Orena (Goddess of Life) (Orena%20(Goddess%20of%20Life)%20d7616042c4a141108b9983a9fb538984.md) ",22,3193,,,"Emberdeep (Emberdeep%20970b2a8371ba4facad9c16f1a552038e.md) ","Ashen Elf (Ashen%20Elf%20242958fba0aa4fbcb32c3ddfb19e4353.md) "
Annabella Mavis,Queen of the Queendom,"House Mavis, Queendom of Nya'Tallin","Queendom of Nya’Tallin (Queendom%20of%20Nya%E2%80%99Tallin%20cd93d0f7f358493288358dfc3baef5b6.md) ",53,3162,,"House Mavis (House%20Mavis%20328ee681854044d490cbd4510b8719f6.md) ","Queendom of Nya’Tallin (Queendom%20of%20Nya%E2%80%99Tallin%20cd93d0f7f358493288358dfc3baef5b6.md) Isyen Lenora (Isyen%20Lenora%2025a3a780df3043f187093c732b6f279d.md) ","Fellintran Elf (Fellintran%20Elf%20beccd90e1d7446078ec525d40007b5ca.md) "
Astellios Lightseeker,,"Midnight Note, Quills of Ios, Stellaria","Stellaria (Stellaria%20f6088af7dce147c4aa46a6e35340ae67.md) Midnight Note (Midnight%20Note%20aabd4488c4ea43c393d10542ec8af339.md) ",24,3191,,"Lighterseeker, Midnight Note (Midnight%20Note%20aabd4488c4ea43c393d10542ec8af339.md) Quills of Ios (Quills%20of%20Ios%206a92bc4f5c7c4629a25e19d47d321171.md) ","Stellaria (Stellaria%20f6088af7dce147c4aa46a6e35340ae67.md) ","Pale Elf (Pale%20Elf%20f2b604f694fe4bd2a9e78480a2b535e0.md) "
Augusta Fenice,"Legatus of the Palantine Empire (Palantine%20Empire%20b5f0a5e7621b4b02862738a0582cfccd.md), Dark Witch","Ordona, Palantine Empire, Valkoria","Palantine Empire (Palantine%20Empire%20b5f0a5e7621b4b02862738a0582cfccd.md) ",43,3170,3213,"Palantine Empire (Palantine%20Empire%20b5f0a5e7621b4b02862738a0582cfccd.md) ","Messana (Messana%2000b27eb025b94f75b2abb90470caaafb.md) ","Human (Human%2011face1141c540a18f85f67c37bf395b.md) "
Aurelian Palantine,"Imperator of the Palantine Empire (Palantine%20Empire%20b5f0a5e7621b4b02862738a0582cfccd.md) ","Messana, Palantine Empire","Palantine Empire (Palantine%20Empire%20b5f0a5e7621b4b02862738a0582cfccd.md) ",78,3137,,Palantine Family,"Messana (Messana%2000b27eb025b94f75b2abb90470caaafb.md) ","Human (Human%2011face1141c540a18f85f67c37bf395b.md) "
Avnon Songheart,-,"Caershire, Midnight Note, Quills of Ios","Caershire (Caershire%2036d5df387f5c40279e7840966f055daa.md) Midnight Note (Midnight%20Note%20aabd4488c4ea43c393d10542ec8af339.md) ",25,3190,,"Midnight Note (Midnight%20Note%20aabd4488c4ea43c393d10542ec8af339.md) Quills of Ios (Quills%20of%20Ios%206a92bc4f5c7c4629a25e19d47d321171.md) ","Caershire (Caershire%2036d5df387f5c40279e7840966f055daa.md) ","Fiendspawn (Fiendspawn%205223a6b6b6b94d348478ed8a35569169.md) "
Aza Velarin,Copper Rat,"Bellmark's Landing, Copper Rats","Bellmark’s Landing (Bellmark%E2%80%99s%20Landing%2054c76e237a3b470da0856b090bec2ee2.md) Copper Rats (Copper%20Rats%2080dc3a7e773e4b7f97ceadc9f93ace8c.md) Midnight Note (Midnight%20Note%20aabd4488c4ea43c393d10542ec8af339.md) Ebon Syndicate (Ebon%20Syndicate%200374ad3a87cf4255bcfbadb2c0df9b5f.md) ",21,3192,3213,"Copper Rats (Copper%20Rats%2080dc3a7e773e4b7f97ceadc9f93ace8c.md) ","Bellmark’s Landing (Bellmark%E2%80%99s%20Landing%2054c76e237a3b470da0856b090bec2ee2.md) ","Human (Human%2011face1141c540a18f85f67c37bf395b.md) "
Belinda Lahari,Owner of the Sailor’s Rest,"Bellmark's Landing, Blood Coin Creed","Bellmark’s Landing (Bellmark%E2%80%99s%20Landing%2054c76e237a3b470da0856b090bec2ee2.md) ",34,3181,,"Blood Coin Creed (Blood%20Coin%20Creed%20a1e3f2b651b049cd88877892c939b8b1.md) ","Bellmark’s Landing (Bellmark%E2%80%99s%20Landing%2054c76e237a3b470da0856b090bec2ee2.md) ","Fiendspawn (Fiendspawn%205223a6b6b6b94d348478ed8a35569169.md) "
Boobo Darktusk,"Ebon Syndicate (Ebon%20Syndicate%200374ad3a87cf4255bcfbadb2c0df9b5f.md) Nightcrawler, Erol Steelring.","Bellmark's Landing, Ebon Syndicate","Ebon Syndicate (Ebon%20Syndicate%200374ad3a87cf4255bcfbadb2c0df9b5f.md) ",31,3184,,"Ebon Syndicate (Ebon%20Syndicate%200374ad3a87cf4255bcfbadb2c0df9b5f.md) Silver Eagles (Silver%20Eagles%20eda02d5b743247b1996ab7388b532bb2.md) ","Bellmark’s Landing (Bellmark%E2%80%99s%20Landing%2054c76e237a3b470da0856b090bec2ee2.md) ","Orc (Orc%20cf277f33cd8a404c96c7975b92c26b0c.md) "
Boris Blackmantle,"Ebon Syndicate (Ebon%20Syndicate%200374ad3a87cf4255bcfbadb2c0df9b5f.md) Shadowblade, Black Raven, Ebonmaster","Bellmark's Landing, Ebon Syndicate","Ebon Syndicate (Ebon%20Syndicate%200374ad3a87cf4255bcfbadb2c0df9b5f.md) Midnight Note (Midnight%20Note%20aabd4488c4ea43c393d10542ec8af339.md) ",53,3162,,"Ebon Syndicate (Ebon%20Syndicate%200374ad3a87cf4255bcfbadb2c0df9b5f.md) ","Bellmark’s Landing (Bellmark%E2%80%99s%20Landing%2054c76e237a3b470da0856b090bec2ee2.md) ","Fellintran Elf (Fellintran%20Elf%20beccd90e1d7446078ec525d40007b5ca.md) "
Brand,,"Frosthler, Midnight Note, Quills of Ios, Spinners","Frosthler (Frosthler%20ba76fbd9fc364c589d34fe791cfa6050.md) Midnight Note (Midnight%20Note%20aabd4488c4ea43c393d10542ec8af339.md) ",27,3188,,"Midnight Note (Midnight%20Note%20aabd4488c4ea43c393d10542ec8af339.md) Quills of Ios (Quills%20of%20Ios%206a92bc4f5c7c4629a25e19d47d321171.md) Spinners (Spinners%201d3ca363d0f54ce2bdc9a2e6ae214654.md) ","Frosthler (Frosthler%20ba76fbd9fc364c589d34fe791cfa6050.md) ","Human (Human%2011face1141c540a18f85f67c37bf395b.md) "
Brawn Stonebeard,Tavernkeep,Falls of Gohondar,"Falls of Gohondar (Falls%20of%20Gohondar%20d07eb0543c1448ef9bb03ec5f4d22f3c.md) ",35,3180,,,"Falls of Gohondar (Falls%20of%20Gohondar%20d07eb0543c1448ef9bb03ec5f4d22f3c.md) ","Titanborn (Titanborn%20cfc56316494e4efeb581fb61e10eabab.md) "
Breggo,Merchant and Trader,"Mistvale, Mz'Lupakku","Covenant of the Wolf (Covenant%20of%20the%20Wolf%2012575a22781a80d99e01f30949cd5c3f.md) ",43,3172,,"Covenant of the Wolf (Covenant%20of%20the%20Wolf%2012575a22781a80d99e01f30949cd5c3f.md) ","Mz’Lupakku (Mz%E2%80%99Lupakku%2012575a22781a8030a6b3ef34e94fc9b3.md) ","Sylfkin (Sylfkin%2011f75a22781a80169aa7f3cc74aa5ac0.md) "
Brenna,Carpenter,"Mistvale, Mz'Lupakku","Covenant of the Wolf (Covenant%20of%20the%20Wolf%2012575a22781a80d99e01f30949cd5c3f.md) ",38,3177,,"Covenant of the Wolf (Covenant%20of%20the%20Wolf%2012575a22781a80d99e01f30949cd5c3f.md) ","Mz’Lupakku (Mz%E2%80%99Lupakku%2012575a22781a8030a6b3ef34e94fc9b3.md) ","Sylfkin (Sylfkin%2011f75a22781a80169aa7f3cc74aa5ac0.md) "
Brock of the Deathringers,Shaman of the Deathbringers,"Darkwatch Hold, Deathbringer Clan","Karoq Urkhaz aka Deathbringers (Karoq%20Urkhaz%20aka%20Deathbringers%20384e06ae90004026bf2921772023304f.md) Darkwatch Hold (Darkwatch%20Hold%207803ea5028b24f3b8b40363da2656f3b.md) ",68,3147,,"Karoq Urkhaz aka Deathbringers (Karoq%20Urkhaz%20aka%20Deathbringers%20384e06ae90004026bf2921772023304f.md) ","Darkwatch Hold (Darkwatch%20Hold%207803ea5028b24f3b8b40363da2656f3b.md) ","Orc (Orc%20cf277f33cd8a404c96c7975b92c26b0c.md) "
Bruni Grimstrike,The Bonelord,Bone Collectors,"Bone Collectors (Bone%20Collectors%20038ecb902478415e8b99c9a880990a1d.md) ",47,3168,,"Bone Collectors (Bone%20Collectors%20038ecb902478415e8b99c9a880990a1d.md) ","Cerulia (Cerulia%208fad80600fff487ab3fd9d21ef4f94c7.md) ","Dwarf (Dwarf%207b5851a6b05341bcb4d77736f736b8f8.md) "
Bruun,Beastmaster,"Mistvale, Mz'Lupakku","Covenant of the Wolf (Covenant%20of%20the%20Wolf%2012575a22781a80d99e01f30949cd5c3f.md) ",43,3172,,"Covenant of the Wolf (Covenant%20of%20the%20Wolf%2012575a22781a80d99e01f30949cd5c3f.md) ","Mz’Lupakku (Mz%E2%80%99Lupakku%2012575a22781a8030a6b3ef34e94fc9b3.md) ","Sylfkin (Sylfkin%2011f75a22781a80169aa7f3cc74aa5ac0.md) "
Caeldin Ironfaith,"Knight of the Order of the Wayfarers (Order%20of%20the%20Wayfarers%2018475a22781a8094bee8e623d138c885.md) ",,,3215,,,,"Emberdeep (Emberdeep%20970b2a8371ba4facad9c16f1a552038e.md) ","Dwarf (Dwarf%207b5851a6b05341bcb4d77736f736b8f8.md) Lightborn (Lightborn%200bc5d6fb80e64990a02dbbe2d5abf9dc.md) "
Calliope Lightseeker,Stellarian Ambassador in Lycia,"Dawnsreach, Stellaria","Stellaria (Stellaria%20f6088af7dce147c4aa46a6e35340ae67.md) Midnight Note (Midnight%20Note%20aabd4488c4ea43c393d10542ec8af339.md) ",53,3162,,Lightseeker,"Dawnsreach (Dawnsreach%20761cae0d1e6a43e2ae73a08f7d6fc2ce.md) ","Pale Elf (Pale%20Elf%20f2b604f694fe4bd2a9e78480a2b535e0.md) "
Cameron Mavis,"Prince of the Queendom of Nya’Tallin (Queendom%20of%20Nya%E2%80%99Tallin%20cd93d0f7f358493288358dfc3baef5b6.md) ",Queendom of Nya'Tallin,"Queendom of Nya’Tallin (Queendom%20of%20Nya%E2%80%99Tallin%20cd93d0f7f358493288358dfc3baef5b6.md) Midnight Note (Midnight%20Note%20aabd4488c4ea43c393d10542ec8af339.md) Radical Dreamers (Radical%20Dreamers%20b4fc63729c9643128f5ce4696750a215.md) ",31,3182,3213,"House Mavis (House%20Mavis%20328ee681854044d490cbd4510b8719f6.md) ","Isyen Lenora (Isyen%20Lenora%2025a3a780df3043f187093c732b6f279d.md) ","Fellintran Elf (Fellintran%20Elf%20beccd90e1d7446078ec525d40007b5ca.md) "
Cassius Valentine,"King of Shadows, Pale Prince","King of Shadows, Pale Prince, Shadowlands",,1935,1280,,,"Kas’Velar (Kas%E2%80%99Velar%20476c9e227f2443eca550f0ab8be45af5.md) ","Nosferatu (Nosferatu%209b71db3d74ef403aa6ca9c46399b89e7.md) "
Cathy Brickford,Book Writer,Caershire,"Caershire (Caershire%2036d5df387f5c40279e7840966f055daa.md) ",73,3142,,,"Caershire (Caershire%2036d5df387f5c40279e7840966f055daa.md) ","Fellintran Elf (Fellintran%20Elf%20beccd90e1d7446078ec525d40007b5ca.md) "
Cedric Ironstone,,Ironstone Cosortium,"Ironstone Consortium (Ironstone%20Consortium%2011275a22781a80be90e7ce7c409785fd.md) ",25,3190,,"Ironstone Consortium (Ironstone%20Consortium%2011275a22781a80be90e7ce7c409785fd.md) ","Holy City of Lancewood (Holy%20City%20of%20Lancewood%204021f6651edd4e4aba71cb199a8f984c.md) ","Dwarf (Dwarf%207b5851a6b05341bcb4d77736f736b8f8.md) "
Character Template,,,,3215,,,,,
Chester Igarashi,Midnight Note’s Construct Puppy,"Bellmark's Landing, Midnight Note, Quills of Ios","Midnight Note (Midnight%20Note%20aabd4488c4ea43c393d10542ec8af339.md) Quills of Ios (Quills%20of%20Ios%206a92bc4f5c7c4629a25e19d47d321171.md) Shi-rai Igarashi (Shi-rai%20Igarashi%202b00fac466024354b0273317d2e43ca0.md) ",2,3213,,"Quills of Ios (Quills%20of%20Ios%206a92bc4f5c7c4629a25e19d47d321171.md) ","Bellmark’s Landing (Bellmark%E2%80%99s%20Landing%2054c76e237a3b470da0856b090bec2ee2.md) ","Forgeborn (Forgeborn%20bc063bad27a6430d94a7bda0638c9f4b.md) "
Clovis Vocula,Scholar,Stellaria,"Stellaria (Stellaria%20f6088af7dce147c4aa46a6e35340ae67.md) ",59,3156,,,"Stellaria (Stellaria%20f6088af7dce147c4aa46a6e35340ae67.md) ","Human (Human%2011face1141c540a18f85f67c37bf395b.md) "
Crothar Copperson,Housecarl,Emberdeep,"Knight Orders of the Twelve (Knight%20Orders%20of%20the%20Twelve%2018475a22781a801ea757c2c341485727.md) ",17,3198,,"Knight Orders of the Twelve (Knight%20Orders%20of%20the%20Twelve%2018475a22781a801ea757c2c341485727.md) ","Emberdeep (Emberdeep%20970b2a8371ba4facad9c16f1a552038e.md) ","Dromani (Dromani%20f986a15fa8414fabb6e5a666a20f4e74.md) "
Crystal Typhoon,Archmagus of Politics,"Argentcourt, Lycia","Lycia (Lycia%20402bf15c994f402cbbf4ef7250df6463.md) ",51,3164,,"Archmagi of Lycia (Archmagi%20of%20Lycia%201eaaceb5525d487ba938d86fd71cc537.md) ","Argentcourt (Argentcourt%20b41a9e66f343460486a277b32660228c.md) ","Elementian (Elementian%208e75da99a0c04701a3154f15663d11f8.md) Ashen Elf (Ashen%20Elf%20242958fba0aa4fbcb32c3ddfb19e4353.md) "
Cuggax the Unassailable,Cuggax the Unassailable,"Blood Coin Creed, Fortuna De Lapis","Blood Coin Creed (Blood%20Coin%20Creed%20a1e3f2b651b049cd88877892c939b8b1.md) Lapis De Fortuna (Lapis%20De%20Fortuna%202274dd93dabc4a7ca72a6ea78996e002.md) ",210,3005,,"Blood Coin Creed (Blood%20Coin%20Creed%20a1e3f2b651b049cd88877892c939b8b1.md) ","Lapis De Fortuna (Lapis%20De%20Fortuna%202274dd93dabc4a7ca72a6ea78996e002.md) ","Psionic (Psionic%208302f0efd60244b1be7a22191f32ac32.md) "
Daphne Blackwood ‘Black’,Howling Brew Owner,Howlcrest,,35,3180,,,"Howlcrest (Howlcrest%20332eac8a6dc1479da57f61a0b0f6b116.md) ","Vulkris (Vulkris%2012dd0b6e6e514467ae08b5c2c15eaf3b.md) "
Derelia Myrlandis,"Knight Commander of Emberdeep (Emberdeep%20970b2a8371ba4facad9c16f1a552038e.md) ",Emberdeep,"Order of the Wayfarers (Order%20of%20the%20Wayfarers%2018475a22781a8094bee8e623d138c885.md) Knight Orders of the Twelve (Knight%20Orders%20of%20the%20Twelve%2018475a22781a801ea757c2c341485727.md) ",55,3160,,"Knight Orders of the Twelve (Knight%20Orders%20of%20the%20Twelve%2018475a22781a801ea757c2c341485727.md) ","Emberdeep (Emberdeep%20970b2a8371ba4facad9c16f1a552038e.md) Forge of Faith (Forge%20of%20Faith%2018675a22781a8021b3d3e79ecb0cbffe.md) ","Ashen Elf (Ashen%20Elf%20242958fba0aa4fbcb32c3ddfb19e4353.md) "
Deron V Duskember,"Mayor of Vakkengard (Titan’s Rest) (Vakkengard%20(Titan%E2%80%99s%20Rest)%20b8c329549abf41648464107b78a72b2a.md), and Represenatitve for Vakkengard (Titan’s Rest) (Vakkengard%20(Titan%E2%80%99s%20Rest)%20b8c329549abf41648464107b78a72b2a.md) in the Valkorian City-States (Valkorian%20City-States%2094cc103e39aa4dc4a9e2e08376851195.md).",Vakkengard,"Vakkengard (Titan’s Rest) (Vakkengard%20(Titan%E2%80%99s%20Rest)%20b8c329549abf41648464107b78a72b2a.md) ",29,3186,,,"Vakkengard (Titan’s Rest) (Vakkengard%20(Titan%E2%80%99s%20Rest)%20b8c329549abf41648464107b78a72b2a.md) ","Ashen Elf (Ashen%20Elf%20242958fba0aa4fbcb32c3ddfb19e4353.md) "
Dimi Dee,Arcanist,Quills of Ios,"Quills of Ios (Quills%20of%20Ios%206a92bc4f5c7c4629a25e19d47d321171.md) ",35,3180,,"Quills of Ios (Quills%20of%20Ios%206a92bc4f5c7c4629a25e19d47d321171.md) ","Holy City of Lancewood (Holy%20City%20of%20Lancewood%204021f6651edd4e4aba71cb199a8f984c.md) ","Sylfkin (Sylfkin%2011f75a22781a80169aa7f3cc74aa5ac0.md) "
Dinna,Merchant and Trader,"Mistvale, Mz'Lupakku","Covenant of the Wolf (Covenant%20of%20the%20Wolf%2012575a22781a80d99e01f30949cd5c3f.md) ",38,3177,,"Covenant of the Wolf (Covenant%20of%20the%20Wolf%2012575a22781a80d99e01f30949cd5c3f.md) ","Mz’Lupakku (Mz%E2%80%99Lupakku%2012575a22781a8030a6b3ef34e94fc9b3.md) ","Sylfkin (Sylfkin%2011f75a22781a80169aa7f3cc74aa5ac0.md) "
Draco Palantine,"Prince of the Palantine Empire (Palantine%20Empire%20b5f0a5e7621b4b02862738a0582cfccd.md), ","Ebon Syndicate, Palantine Empire, Valkoria","Palantine Empire (Palantine%20Empire%20b5f0a5e7621b4b02862738a0582cfccd.md) ",37,3176,3213,"Palantine Empire (Palantine%20Empire%20b5f0a5e7621b4b02862738a0582cfccd.md) ","Messana (Messana%2000b27eb025b94f75b2abb90470caaafb.md) ","Human (Human%2011face1141c540a18f85f67c37bf395b.md) "
Drago Sunstriker,Chancellor,Valkoria,"Valkoria (Valkoria%2063188c93864440e591a3528e50868ec6.md) ",26,2622,2648,Sunstriker Family,"Valkoria (Valkoria%2063188c93864440e591a3528e50868ec6.md) ","Human (Human%2011face1141c540a18f85f67c37bf395b.md) "
Ebony Leaf ‘Raven’,Saint Raven the Dragonslayer,"Bhadir, Stormreach",,53,2467,2520,,"Howlcrest (Howlcrest%20332eac8a6dc1479da57f61a0b0f6b116.md) ","Beastkin (Beastkin%209d4322a60f6c4f839ef527a292b33535.md) Vulkris (Vulkris%2012dd0b6e6e514467ae08b5c2c15eaf3b.md) "
Elizabeth Mavis,"Princess of the Queendom of Nya’Tallin (Queendom%20of%20Nya%E2%80%99Tallin%20cd93d0f7f358493288358dfc3baef5b6.md) ",Queendom of Nya'Tallin,"Queendom of Nya’Tallin (Queendom%20of%20Nya%E2%80%99Tallin%20cd93d0f7f358493288358dfc3baef5b6.md) ",27,3188,,"House Mavis (House%20Mavis%20328ee681854044d490cbd4510b8719f6.md) ","Duztar’s Step (Duztar%E2%80%99s%20Step%20186ea4cd71c447149950d98abcc3fc92.md) Isyen Lenora (Isyen%20Lenora%2025a3a780df3043f187093c732b6f279d.md) ","Fellintran Elf (Fellintran%20Elf%20beccd90e1d7446078ec525d40007b5ca.md) "
Ellric,Scholar,"Mistvale, Mz'Lupakku","Covenant of the Wolf (Covenant%20of%20the%20Wolf%2012575a22781a80d99e01f30949cd5c3f.md) ",21,3194,,"Covenant of the Wolf (Covenant%20of%20the%20Wolf%2012575a22781a80d99e01f30949cd5c3f.md) ","Mz’Lupakku (Mz%E2%80%99Lupakku%2012575a22781a8030a6b3ef34e94fc9b3.md) ","Sylfkin (Sylfkin%2011f75a22781a80169aa7f3cc74aa5ac0.md) "
Elron Whistlebranch,,,,61,3154,,,"Cobalt Forest (Cobalt%20Forest%2018675a22781a804ebf16d0524faa6b2f.md) ","Fellintran Elf (Fellintran%20Elf%20beccd90e1d7446078ec525d40007b5ca.md) "
Elunara Starcaller,High Astromancer,Stellaria,"Stellaria (Stellaria%20f6088af7dce147c4aa46a6e35340ae67.md) ",87,3128,,,"Stellaria (Stellaria%20f6088af7dce147c4aa46a6e35340ae67.md) ","Pale Elf (Pale%20Elf%20f2b604f694fe4bd2a9e78480a2b535e0.md) "
Faustine Pelletier,Shikari,"Argentcourt, Lycia","Lycia (Lycia%20402bf15c994f402cbbf4ef7250df6463.md) Martell Martin (Martell%20Martin%20b19c473bea6545fc8be9d1dca72a2a73.md) Midnight Note (Midnight%20Note%20aabd4488c4ea43c393d10542ec8af339.md) ",29,3184,3213,,"Argentcourt (Argentcourt%20b41a9e66f343460486a277b32660228c.md) ","Fellintran Elf (Fellintran%20Elf%20beccd90e1d7446078ec525d40007b5ca.md) "
Faustus Palantine,"Second Prince of the Palantine Empire (Palantine%20Empire%20b5f0a5e7621b4b02862738a0582cfccd.md) ","Messana, Palantine Empire","Palantine Empire (Palantine%20Empire%20b5f0a5e7621b4b02862738a0582cfccd.md) ",45,3170,,Palantine Family,"Messana (Messana%2000b27eb025b94f75b2abb90470caaafb.md) ","Human (Human%2011face1141c540a18f85f67c37bf395b.md) "
Fendall Bramblenock,,,,3215,,,,,
Fergus ‘Greyhound’,"Guild Master of the Blades of Benevolence (Blades%20of%20Benevolence%200f70786f58e643eeb9355e1282aec44e.md) ",Runaria,,50,3165,,"Blades of Benevolence (Blades%20of%20Benevolence%200f70786f58e643eeb9355e1282aec44e.md) ",,"Orc (Orc%20cf277f33cd8a404c96c7975b92c26b0c.md) "
Festo Umile,-,Ordona,"Midnight Note (Midnight%20Note%20aabd4488c4ea43c393d10542ec8af339.md) ",52,3163,,,"Ordona (Ordona%2097fdf7ca0d2f4b10aa4b2958a480b0b7.md) ","Human (Human%2011face1141c540a18f85f67c37bf395b.md) "
Flake of Snow,Explorer,"Bellmark's Landing, Frosthler, Quills of Ios","Quills of Ios (Quills%20of%20Ios%206a92bc4f5c7c4629a25e19d47d321171.md) Midnight Note (Midnight%20Note%20aabd4488c4ea43c393d10542ec8af339.md) Frosthler (Frosthler%20ba76fbd9fc364c589d34fe791cfa6050.md) ",29,3186,,"Quills of Ios (Quills%20of%20Ios%206a92bc4f5c7c4629a25e19d47d321171.md) ","Kas’Velar (Kas%E2%80%99Velar%20476c9e227f2443eca550f0ab8be45af5.md) Bellmark’s Landing (Bellmark%E2%80%99s%20Landing%2054c76e237a3b470da0856b090bec2ee2.md) Bhadir (Bhadir%20eecd93006c3f41b2823d389bf90cf286.md) ","Beastkin (Beastkin%209d4322a60f6c4f839ef527a292b33535.md) "
Florina De Fonseca,Disgraced Praetor of Bellmark’s Landing,"Bellmark's Landing, Palantine Empire","Midnight Note (Midnight%20Note%20aabd4488c4ea43c393d10542ec8af339.md) ",78,3135,3213,De Fonseca Winemakers,"Bellmark’s Landing (Bellmark%E2%80%99s%20Landing%2054c76e237a3b470da0856b090bec2ee2.md) ","Human (Human%2011face1141c540a18f85f67c37bf395b.md) "
Fowlin ‘Kellyn’ Goldleaf,"The Impresario, Head of Duztar’s Step (Duztar%E2%80%99s%20Step%20186ea4cd71c447149950d98abcc3fc92.md) ","Queendom of Nya'Tallin, Radical Dreamers","Queendom of Nya’Tallin (Queendom%20of%20Nya%E2%80%99Tallin%20cd93d0f7f358493288358dfc3baef5b6.md) Radical Dreamers (Radical%20Dreamers%20b4fc63729c9643128f5ce4696750a215.md) ",36,3179,,"House Kellyn, but now Adoptive son of the House Goldleaf","Queendom of Nya’Tallin (Queendom%20of%20Nya%E2%80%99Tallin%20cd93d0f7f358493288358dfc3baef5b6.md) ","Fellintran Elf (Fellintran%20Elf%20beccd90e1d7446078ec525d40007b5ca.md) "
Frakko,Excavators,"Mistvale, Mz'Lupakku","Covenant of the Wolf (Covenant%20of%20the%20Wolf%2012575a22781a80d99e01f30949cd5c3f.md) ",57,3158,,"Covenant of the Wolf (Covenant%20of%20the%20Wolf%2012575a22781a80d99e01f30949cd5c3f.md) ","Mz’Lupakku (Mz%E2%80%99Lupakku%2012575a22781a8030a6b3ef34e94fc9b3.md) ","Sylfkin (Sylfkin%2011f75a22781a80169aa7f3cc74aa5ac0.md) "
Franz Steelback,-,Ordona,"Ordona (Ordona%2097fdf7ca0d2f4b10aa4b2958a480b0b7.md) ",43,3172,,,"Ordona (Ordona%2097fdf7ca0d2f4b10aa4b2958a480b0b7.md) ","Dwarf (Dwarf%207b5851a6b05341bcb4d77736f736b8f8.md) "
Fredrick Stonecutter,Head of House Stonecutter (House%20Stonecutter%20aceb54e4f0f345669cce71f825637f83.md),"House Stonecutter, Queendom of Nya'Tallin","House Stonecutter (House%20Stonecutter%20aceb54e4f0f345669cce71f825637f83.md) ",66,3149,,"House Stonecutter (House%20Stonecutter%20aceb54e4f0f345669cce71f825637f83.md) ","Queendom of Nya’Tallin (Queendom%20of%20Nya%E2%80%99Tallin%20cd93d0f7f358493288358dfc3baef5b6.md) ","Human (Human%2011face1141c540a18f85f67c37bf395b.md) "
Gaius Septimus,"Ordo Legatus of the Empire, Wielder of the Palantine Sword.","Palantine Empire, Valkoria","Palantine Empire (Palantine%20Empire%20b5f0a5e7621b4b02862738a0582cfccd.md) ",55,3160,,"Palantine Empire (Palantine%20Empire%20b5f0a5e7621b4b02862738a0582cfccd.md) ","Messana (Messana%2000b27eb025b94f75b2abb90470caaafb.md) ","Fiendspawn (Fiendspawn%205223a6b6b6b94d348478ed8a35569169.md) Jotun (Jotun%20854ab2adba3d4ce09e6d2109bb4651e5.md) "
Gallokk,Excavators,"Mistvale, Mz'Lupakku","Covenant of the Wolf (Covenant%20of%20the%20Wolf%2012575a22781a80d99e01f30949cd5c3f.md) ",25,3190,,"Covenant of the Wolf (Covenant%20of%20the%20Wolf%2012575a22781a80d99e01f30949cd5c3f.md) ","Mz’Lupakku (Mz%E2%80%99Lupakku%2012575a22781a8030a6b3ef34e94fc9b3.md) ","Sylfkin (Sylfkin%2011f75a22781a80169aa7f3cc74aa5ac0.md) "
Gamagee Inknails,,,,72,2420,2492,,"Railforge (Railforge%20636860fcabe440b085c251c97af3d2b0.md) ","Dwarf (Dwarf%207b5851a6b05341bcb4d77736f736b8f8.md) "
Gangin Ironhammer,Ember Warden,Emberdeep,"Emberguard (Emberguard%2018275a22781a806cb27adda3a65bbad1.md) ",44,3171,,"Emberguard (Emberguard%2018275a22781a806cb27adda3a65bbad1.md) ","Emberdeep (Emberdeep%20970b2a8371ba4facad9c16f1a552038e.md) ","Dwarf (Dwarf%207b5851a6b05341bcb4d77736f736b8f8.md) "
Ganrad Thundercliff,"Knight Chaplain, Ganard",Emberdeep,"Knight Orders of the Twelve (Knight%20Orders%20of%20the%20Twelve%2018475a22781a801ea757c2c341485727.md) ",59,3156,,"Church of the Twelve (Church%20of%20the%20Twelve%20a51ac19679214ca0b7344cddc3961507.md) ","Emberdeep (Emberdeep%20970b2a8371ba4facad9c16f1a552038e.md) ","Dromani (Dromani%20f986a15fa8414fabb6e5a666a20f4e74.md) "
Garrant,Warden of the Wolf,Mz'Lupakku,"Covenant of the Wolf (Covenant%20of%20the%20Wolf%2012575a22781a80d99e01f30949cd5c3f.md) ",45,3170,,"Covenant of the Wolf (Covenant%20of%20the%20Wolf%2012575a22781a80d99e01f30949cd5c3f.md) ","Mz’Lupakku (Mz%E2%80%99Lupakku%2012575a22781a8030a6b3ef34e94fc9b3.md) ","Sylfkin (Sylfkin%2011f75a22781a80169aa7f3cc74aa5ac0.md) "
Gazzna Bramblenock,Azure Sage,"Azureglade, Cerulia, Umbra","Azureglade (Azureglade%2018675a22781a8034896cfec74067092c.md) ",37,3178,,,"Azureglade (Azureglade%2018675a22781a8034896cfec74067092c.md) ","Sylfkin (Sylfkin%2011f75a22781a80169aa7f3cc74aa5ac0.md) "
Gerda Tinbuckle,Old Gerda,Emberdeep,,62,3153,,"Lost and Found Antiques (Lost%20and%20Found%20Antiques%2018675a22781a80fc8beac1631da5bfc0.md) Candlelight Shelter (Candlelight%20Shelter%2018675a22781a80eaafede158d368710c.md) ","Emberdeep (Emberdeep%20970b2a8371ba4facad9c16f1a552038e.md) ","Dwarf (Dwarf%207b5851a6b05341bcb4d77736f736b8f8.md) "
Godrus Cinderbark,"Militia Captain of Vakkengard (Titan’s Rest) (Vakkengard%20(Titan%E2%80%99s%20Rest)%20b8c329549abf41648464107b78a72b2a.md), and ","Silver Eagles, Vakkengard","Radegundh V Duskember (Radegundh%20V%20Duskember%20ac0c23e3ded6497fb008f10fc5232fbc.md) Midnight Note (Midnight%20Note%20aabd4488c4ea43c393d10542ec8af339.md) Silver Eagles (Silver%20Eagles%20eda02d5b743247b1996ab7388b532bb2.md) ",25,3190,,,"Vakkengard (Titan’s Rest) (Vakkengard%20(Titan%E2%80%99s%20Rest)%20b8c329549abf41648464107b78a72b2a.md) ","Ashen Elf (Ashen%20Elf%20242958fba0aa4fbcb32c3ddfb19e4353.md) "
Gomono Strongfist,,,"Azureglade (Azureglade%2018675a22781a8034896cfec74067092c.md) ",35,3180,,,"Azureglade (Azureglade%2018675a22781a8034896cfec74067092c.md) ","Dromani (Dromani%20f986a15fa8414fabb6e5a666a20f4e74.md) "
Grak the Culinary Wanderer,The Culinary Wanderer,,,65,3150,,,"Kas’Velar (Kas%E2%80%99Velar%20476c9e227f2443eca550f0ab8be45af5.md) ","Orc (Orc%20cf277f33cd8a404c96c7975b92c26b0c.md) "
Gregory ‘Greg’ Barkley,,Howlcrest,,65,3150,,,"Howlcrest (Howlcrest%20332eac8a6dc1479da57f61a0b0f6b116.md) ","Vulkris (Vulkris%2012dd0b6e6e514467ae08b5c2c15eaf3b.md) "
Gremolim Goldheart,Spinner,Spinners,"Brand (Brand%20607d655e23dd44bd8e867a910c8172cf.md) ",75,3140,,"Spinners (Spinners%201d3ca363d0f54ce2bdc9a2e6ae214654.md) ","Kas’Velar (Kas%E2%80%99Velar%20476c9e227f2443eca550f0ab8be45af5.md) ","Jotun (Jotun%20854ab2adba3d4ce09e6d2109bb4651e5.md) "
Grevan the Red aka Firemane,Hunter and Bodyguard,,,24,3191,,,"Howlcrest (Howlcrest%20332eac8a6dc1479da57f61a0b0f6b116.md) ","Elementian (Elementian%208e75da99a0c04701a3154f15663d11f8.md) Felidari (Felidari%20d0409eca482e483f9ef4ebf4d9aed416.md) "
Grimshtod Bing,"Barkeep at the Civic Knuckle (Civic%20Knuckle%2020775a22781a80a9a738e49abe196f63.md) ",Emberdeep,"Emberdeep (Emberdeep%20970b2a8371ba4facad9c16f1a552038e.md) ",37,3178,,,"Emberdeep (Emberdeep%20970b2a8371ba4facad9c16f1a552038e.md) ","Dromani (Dromani%20f986a15fa8414fabb6e5a666a20f4e74.md) "
Gugnir Brimsteel ‘The Emberlord’,The Emberlord,Emberdeep,"Emberdeep (Emberdeep%20970b2a8371ba4facad9c16f1a552038e.md) ",50,3165,,Brimsteel Royal Family,"Emberdeep (Emberdeep%20970b2a8371ba4facad9c16f1a552038e.md) ","Dwarf (Dwarf%207b5851a6b05341bcb4d77736f736b8f8.md) "
Hildegrin Brewtoe,"Steward of Azureglade (Azureglade%2018675a22781a8034896cfec74067092c.md) ",,"Azureglade (Azureglade%2018675a22781a8034896cfec74067092c.md) ",45,3170,,,"Azureglade (Azureglade%2018675a22781a8034896cfec74067092c.md) ","Dromani (Dromani%20f986a15fa8414fabb6e5a666a20f4e74.md) "
"Horizon of Storms aka Tempest ",Head of the Howlcrest Hunters,Howlcrest,,55,3160,,,"Howlcrest (Howlcrest%20332eac8a6dc1479da57f61a0b0f6b116.md) ","Ursa (Ursa%20c6e1ce262b0242a798aa5defdfffffb9.md) "
Ina Barriar,Archmagus of Spiritualism,"Argentcourt, Lycia","Lycia (Lycia%20402bf15c994f402cbbf4ef7250df6463.md) ",28,3187,,"Archmagi of Lycia (Archmagi%20of%20Lycia%201eaaceb5525d487ba938d86fd71cc537.md) ","Argentcourt (Argentcourt%20b41a9e66f343460486a277b32660228c.md) ","Fellintran Elf (Fellintran%20Elf%20beccd90e1d7446078ec525d40007b5ca.md) "
Iorek Needlefingers,"Shadowblade of the Ebon Syndicate (Ebon%20Syndicate%200374ad3a87cf4255bcfbadb2c0df9b5f.md) ","Bellmark's Landing, Ebon Syndicate","Ebon Syndicate (Ebon%20Syndicate%200374ad3a87cf4255bcfbadb2c0df9b5f.md) ",60,3155,,"Ebon Syndicate (Ebon%20Syndicate%200374ad3a87cf4255bcfbadb2c0df9b5f.md) ","Bellmark’s Landing (Bellmark%E2%80%99s%20Landing%2054c76e237a3b470da0856b090bec2ee2.md) ","Goblin (Goblin%20a2f5ebad3a484c4dae5d5b0d12cdd746.md) "
"Jack Campanella ",Little Bell,"Bellmark's Landing, Copper Rats","Bellmark’s Landing (Bellmark%E2%80%99s%20Landing%2054c76e237a3b470da0856b090bec2ee2.md) Copper Rats (Copper%20Rats%2080dc3a7e773e4b7f97ceadc9f93ace8c.md) Midnight Note (Midnight%20Note%20aabd4488c4ea43c393d10542ec8af339.md) ",30,3185,,"Copper Rats (Copper%20Rats%2080dc3a7e773e4b7f97ceadc9f93ace8c.md) ","Bellmark’s Landing (Bellmark%E2%80%99s%20Landing%2054c76e237a3b470da0856b090bec2ee2.md) ","Human (Human%2011face1141c540a18f85f67c37bf395b.md) "
Jaina Timbercroft,House Timbercroft Noble,"House Timbercroft, Queendom of Nya'Tallin","Queendom of Nya’Tallin (Queendom%20of%20Nya%E2%80%99Tallin%20cd93d0f7f358493288358dfc3baef5b6.md) ",39,3176,,"House Mavis (House%20Mavis%20328ee681854044d490cbd4510b8719f6.md) ",House Timbercroft,"Fellintran Elf (Fellintran%20Elf%20beccd90e1d7446078ec525d40007b5ca.md) "
Jamari Grey,"Jamari, The Bloody Handed",Queendom of Nya'Tallin,"Queendom of Nya’Tallin (Queendom%20of%20Nya%E2%80%99Tallin%20cd93d0f7f358493288358dfc3baef5b6.md) ",42,3171,3213,"Queendom of Nya’Tallin (Queendom%20of%20Nya%E2%80%99Tallin%20cd93d0f7f358493288358dfc3baef5b6.md) ","Queendom of Nya’Tallin (Queendom%20of%20Nya%E2%80%99Tallin%20cd93d0f7f358493288358dfc3baef5b6.md) ","Jotun (Jotun%20854ab2adba3d4ce09e6d2109bb4651e5.md) "
Jared Rolo,Cartographer,"Bellmark's Landing, Dawnsreach, Quills of Ios","Midnight Note (Midnight%20Note%20aabd4488c4ea43c393d10542ec8af339.md) Quills of Ios (Quills%20of%20Ios%206a92bc4f5c7c4629a25e19d47d321171.md) ",33,3182,,"Quills of Ios (Quills%20of%20Ios%206a92bc4f5c7c4629a25e19d47d321171.md) ","Dawnsreach (Dawnsreach%20761cae0d1e6a43e2ae73a08f7d6fc2ce.md) ","Human (Human%2011face1141c540a18f85f67c37bf395b.md) "
Kaito Lightbinder,,"Astromancer, Hangetsu Clan, Yamagato","Midnight Note (Midnight%20Note%20aabd4488c4ea43c393d10542ec8af339.md) Astellios Lightseeker (Astellios%20Lightseeker%209df94ac6f30949a69dd6c024e821df50.md) ",45,3170,,None,"Himoari (Himoari%20428d909dafc94e9d9293056ddd09ab51.md) ","Pale Elf (Pale%20Elf%20f2b604f694fe4bd2a9e78480a2b535e0.md) "
Kale Wilkes,Hoard Merchant,The Hoard,"The Hoard (The%20Hoard%204ce3b4350ee04ffda2b8b8ff05315728.md) ",71,3144,,"The Hoard (The%20Hoard%204ce3b4350ee04ffda2b8b8ff05315728.md) ","Valkoria (Valkoria%2063188c93864440e591a3528e50868ec6.md) ","Goblin (Goblin%20a2f5ebad3a484c4dae5d5b0d12cdd746.md) "
Karfixia,‘Lady’ Karfixia,,"Dragon Lands (Dragon%20Lands%20ce9140f993044a80964a1b2ba0eb025a.md) ",48,3167,3215,,"Dragon Lands (Dragon%20Lands%20ce9140f993044a80964a1b2ba0eb025a.md) Cobalt Forest (Cobalt%20Forest%2018675a22781a804ebf16d0524faa6b2f.md) ","High Draconian (High%20Draconian%2083942692fba74247bf1e53cc21847ffa.md) "
Karlatan Irontoe,Witch’s End (Witch%E2%80%99s%20End%2068ed9e9cc8924625ae221afa3ecc3747.md) Representative in the Valkorian City-States (Valkorian%20City-States%2094cc103e39aa4dc4a9e2e08376851195.md).,"Valkoria, Witch's End","Queendom of Nya’Tallin (Queendom%20of%20Nya%E2%80%99Tallin%20cd93d0f7f358493288358dfc3baef5b6.md) Valkorian City-States (Valkorian%20City-States%2094cc103e39aa4dc4a9e2e08376851195.md) ",48,3167,,,"Witch’s End (Witch%E2%80%99s%20End%2068ed9e9cc8924625ae221afa3ecc3747.md) ","Dromani (Dromani%20f986a15fa8414fabb6e5a666a20f4e74.md) "
Kelemar Ashbringer,"Father Kelemar, Gravekeeper","Church of the Twelve, Emberdeep","Graav (God of Death) (Graav%20(God%20of%20Death)%20d63b83eee74f4e1c9db355255ee1a0a0.md) ",40,3175,,"Church of the Twelve (Church%20of%20the%20Twelve%20a51ac19679214ca0b7344cddc3961507.md) ","Emberdeep (Emberdeep%20970b2a8371ba4facad9c16f1a552038e.md) ","Dwarf (Dwarf%207b5851a6b05341bcb4d77736f736b8f8.md) "
Kerrin,Woodcutter,"Mistvale, Mz'Lupakku","Covenant of the Wolf (Covenant%20of%20the%20Wolf%2012575a22781a80d99e01f30949cd5c3f.md) ",16,3199,,"Covenant of the Wolf (Covenant%20of%20the%20Wolf%2012575a22781a80d99e01f30949cd5c3f.md) ","Mz’Lupakku (Mz%E2%80%99Lupakku%2012575a22781a8030a6b3ef34e94fc9b3.md) ","Sylfkin (Sylfkin%2011f75a22781a80169aa7f3cc74aa5ac0.md) "
Kirbur Thunderskin,Bone Collector,"Bellmark's Landing, Bone Collectors","Bone Collectors (Bone%20Collectors%20038ecb902478415e8b99c9a880990a1d.md) Bellmark’s Landing (Bellmark%E2%80%99s%20Landing%2054c76e237a3b470da0856b090bec2ee2.md) ",58,3157,,"Bone Collectors (Bone%20Collectors%20038ecb902478415e8b99c9a880990a1d.md) ","Bellmark’s Landing (Bellmark%E2%80%99s%20Landing%2054c76e237a3b470da0856b090bec2ee2.md) ","Beastkin (Beastkin%209d4322a60f6c4f839ef527a292b33535.md) "
Klerana Mavis,-,"Queendom of Nya'Tallin, Valkoria","Valkorian Sunstriker (Valkorian%20Sunstriker%20022238d5c0024e84a1aa88a05af19c06.md) Queendom of Nya’Tallin (Queendom%20of%20Nya%E2%80%99Tallin%20cd93d0f7f358493288358dfc3baef5b6.md) ",100,2380,2480,"House Mavis (House%20Mavis%20328ee681854044d490cbd4510b8719f6.md) ","Valkoria (Valkoria%2063188c93864440e591a3528e50868ec6.md) ","Fellintran Elf (Fellintran%20Elf%20beccd90e1d7446078ec525d40007b5ca.md) "
Klotan V Duskember," Bellmark’s Landing (Bellmark%E2%80%99s%20Landing%2054c76e237a3b470da0856b090bec2ee2.md)’s Representative in the Valkorian City-States (Valkorian%20City-States%2094cc103e39aa4dc4a9e2e08376851195.md).","Bellmark's Landing, Vakkengard","Vakkengard (Titan’s Rest) (Vakkengard%20(Titan%E2%80%99s%20Rest)%20b8c329549abf41648464107b78a72b2a.md) ",47,3168,,,"Bellmark’s Landing (Bellmark%E2%80%99s%20Landing%2054c76e237a3b470da0856b090bec2ee2.md) ","Ashen Elf (Ashen%20Elf%20242958fba0aa4fbcb32c3ddfb19e4353.md) "
Kodron Blackheart,Seer Blackheart,"Black Lagoon, Dragon Lands","Black Lagoon (Black%20Lagoon%2003d6c0c76ea54a41b63c3bcc2245e2d9.md) ",97,3118,,"Seers of the Black Lagoon (Seers%20of%20the%20Black%20Lagoon%2041eb5baaa79240569f9d652eb7e18087.md) ","Black Lagoon (Black%20Lagoon%2003d6c0c76ea54a41b63c3bcc2245e2d9.md) ","Draconian (Draconian%20ad50140d703041b7ac34b0776a1f9722.md) "
Koga Hangetsu,Clan Chief of the Hangetsu,Yamagato,"Himoari (Himoari%20428d909dafc94e9d9293056ddd09ab51.md) ",44,3171,,"Hangetsu Clan (Hangetsu%20Clan%204f4cf2951eef4ce1ae0eb026c3b3ab4e.md) ","Himoari (Himoari%20428d909dafc94e9d9293056ddd09ab51.md) ","Human (Human%2011face1141c540a18f85f67c37bf395b.md) "
Lamia Thraezin,Lord of the Thraezin Family,"Darkmoor, Tenebrium, Xifajk","Thraezin Family (Thraezin%20Family%2010675a22781a80ce927bdd66c669df37.md) ",60,3155,,Lord of the Thraezin Family,"Darkmoor (Darkmoor%203254469a048741b89b86d393f5ca5688.md) ","Fiend (Fiend%205049cfc5296c4178bea52b4bbcb5a689.md) "
Ling Mei,Tea House Owner,Yamagato,"Midnight Note (Midnight%20Note%20aabd4488c4ea43c393d10542ec8af339.md) ",74,3141,,,"Outskirts of Himoari (Himoari%20428d909dafc94e9d9293056ddd09ab51.md) and Yorimatsu (Yorimatsu%20a458d020e113463598eb6eff2c55bb16.md) ","Lightborn (Lightborn%200bc5d6fb80e64990a02dbbe2d5abf9dc.md) "
Lorelei Shadowmend,Archmagus of Creation,"Argentcourt, Lycia","Lycia (Lycia%20402bf15c994f402cbbf4ef7250df6463.md) ",41,3174,,"Archmagi of Lycia (Archmagi%20of%20Lycia%201eaaceb5525d487ba938d86fd71cc537.md) ","Argentcourt (Argentcourt%20b41a9e66f343460486a277b32660228c.md) ","Dwarf (Dwarf%207b5851a6b05341bcb4d77736f736b8f8.md) "
Lothar Blackmane,Warrior King of Bhadir,Bhadir,"Bhadir (Bhadir%20eecd93006c3f41b2823d389bf90cf286.md) ",28,3187,,,"Bhadir (Bhadir%20eecd93006c3f41b2823d389bf90cf286.md) ","Beastkin (Beastkin%209d4322a60f6c4f839ef527a292b33535.md) "
Lucien Dupont,Village Elder,Willowmist,"Willowmist (Willowmist%207b368962f9264d3996b4de3e08b5291b.md) ",71,3144,,,"Willowmist (Willowmist%207b368962f9264d3996b4de3e08b5291b.md) ","Human (Human%2011face1141c540a18f85f67c37bf395b.md) "
Lunabelle,,,"Azureglade (Azureglade%2018675a22781a8034896cfec74067092c.md) ",65,3150,3215,,"Azureglade (Azureglade%2018675a22781a8034896cfec74067092c.md) ","Gnome (Gnome%20ba19298cf2754c99a3cc46dc98eb5762.md) "
Maev Rex,Archmagus of War,"Argentcourt, Lycia","Lycia (Lycia%20402bf15c994f402cbbf4ef7250df6463.md) ",50,3165,,"Archmagi of Lycia (Archmagi%20of%20Lycia%201eaaceb5525d487ba938d86fd71cc537.md) ","Argentcourt (Argentcourt%20b41a9e66f343460486a277b32660228c.md) ","Human (Human%2011face1141c540a18f85f67c37bf395b.md) "
Magnus Rolo,The Explorer,Runaria,,96,2903,2999,Rolo Family,"Runaria (Runaria%2013a9b9a7f3ee4868a3a851155c4ea24b.md) ","Human (Human%2011face1141c540a18f85f67c37bf395b.md) "
Marcus Steeljaw,"Former Tribune, Council Member of the Valkorian City-States (Valkorian%20City-States%2094cc103e39aa4dc4a9e2e08376851195.md)",Bellmark's Landing,"Bellmark’s Landing (Bellmark%E2%80%99s%20Landing%2054c76e237a3b470da0856b090bec2ee2.md) Midnight Note (Midnight%20Note%20aabd4488c4ea43c393d10542ec8af339.md) Silver Eagles (Silver%20Eagles%20eda02d5b743247b1996ab7388b532bb2.md) ",51,3164,,"Leader of Silver Eagles (Silver%20Eagles%20eda02d5b743247b1996ab7388b532bb2.md) ","Bellmark’s Landing (Bellmark%E2%80%99s%20Landing%2054c76e237a3b470da0856b090bec2ee2.md) ","Draconian (Draconian%20ad50140d703041b7ac34b0776a1f9722.md) "
Marduuk Half-ear,,Azureglade,,33,3182,,,"Azureglade (Azureglade%2018675a22781a8034896cfec74067092c.md) ","Orc (Orc%20cf277f33cd8a404c96c7975b92c26b0c.md) "
Marga Stoneshaper,Chieftain of the Falls,Falls of Gohondar,"Falls of Gohondar (Falls%20of%20Gohondar%20d07eb0543c1448ef9bb03ec5f4d22f3c.md) ",26,3189,,,"Falls of Gohondar (Falls%20of%20Gohondar%20d07eb0543c1448ef9bb03ec5f4d22f3c.md) ","Titanborn (Titanborn%20cfc56316494e4efeb581fb61e10eabab.md) "
Margarita Fazzari,Fazzari Gelato,Bellmark's Landing,"Bellmark’s Landing (Bellmark%E2%80%99s%20Landing%2054c76e237a3b470da0856b090bec2ee2.md) ",54,3161,,Fazzari Gelato Makers,"Bellmark’s Landing (Bellmark%E2%80%99s%20Landing%2054c76e237a3b470da0856b090bec2ee2.md) ","Human (Human%2011face1141c540a18f85f67c37bf395b.md) "
Martell Martin,"Flare, The Pyromancer of Bellmark’s Landing",Queendom of Nya'Tallin,"Midnight Note (Midnight%20Note%20aabd4488c4ea43c393d10542ec8af339.md) Quills of Ios (Quills%20of%20Ios%206a92bc4f5c7c4629a25e19d47d321171.md) ",35,3180,,"Quills of Ios (Quills%20of%20Ios%206a92bc4f5c7c4629a25e19d47d321171.md) ","Bellmark’s Landing (Bellmark%E2%80%99s%20Landing%2054c76e237a3b470da0856b090bec2ee2.md) Argentcourt (Argentcourt%20b41a9e66f343460486a277b32660228c.md) ","Elementian (Elementian%208e75da99a0c04701a3154f15663d11f8.md) Human (Human%2011face1141c540a18f85f67c37bf395b.md) "
Massimo Colombo,Tribune,Palantine Empire,"Midnight Note (Midnight%20Note%20aabd4488c4ea43c393d10542ec8af339.md) ",53,3160,3213,"Palantine Empire (Palantine%20Empire%20b5f0a5e7621b4b02862738a0582cfccd.md) ","Messana (Messana%2000b27eb025b94f75b2abb90470caaafb.md) ","Human (Human%2011face1141c540a18f85f67c37bf395b.md) "
Maxim Veril,-,Bellmark's Landing,"Bellmark’s Landing (Bellmark%E2%80%99s%20Landing%2054c76e237a3b470da0856b090bec2ee2.md) ",63,3152,,,"Bellmark’s Landing (Bellmark%E2%80%99s%20Landing%2054c76e237a3b470da0856b090bec2ee2.md) ","Human (Human%2011face1141c540a18f85f67c37bf395b.md) "
Melanos Starcaller,Chief Chronicler,Stellaria,"Stellaria (Stellaria%20f6088af7dce147c4aa46a6e35340ae67.md) ",83,3132,,,"Stellaria (Stellaria%20f6088af7dce147c4aa46a6e35340ae67.md) ","Pale Elf (Pale%20Elf%20f2b604f694fe4bd2a9e78480a2b535e0.md) "
Merek Stonebake,-,Ordona,"Ordona (Ordona%2097fdf7ca0d2f4b10aa4b2958a480b0b7.md) ",48,3167,,,"Ordona (Ordona%2097fdf7ca0d2f4b10aa4b2958a480b0b7.md) ","Fellintran Elf (Fellintran%20Elf%20beccd90e1d7446078ec525d40007b5ca.md) "
Merekki,"Undertaker, Wolf Shaman and Caller for the Covenant of the Wolf (Covenant%20of%20the%20Wolf%2012575a22781a80d99e01f30949cd5c3f.md) ","Mistvale, Mz'Lupakku","Covenant of the Wolf (Covenant%20of%20the%20Wolf%2012575a22781a80d99e01f30949cd5c3f.md) ",35,3180,,"Covenant of the Wolf (Covenant%20of%20the%20Wolf%2012575a22781a80d99e01f30949cd5c3f.md) ","Mz’Lupakku (Mz%E2%80%99Lupakku%2012575a22781a8030a6b3ef34e94fc9b3.md) ","Sylfkin (Sylfkin%2011f75a22781a80169aa7f3cc74aa5ac0.md) "
Mikey Shirdown,Bone Collector Scout,"Bellmark's Landing, Bone Collectors","Bone Collectors (Bone%20Collectors%20038ecb902478415e8b99c9a880990a1d.md) Bellmark’s Landing (Bellmark%E2%80%99s%20Landing%2054c76e237a3b470da0856b090bec2ee2.md) ",45,3170,,"Bone Collectors (Bone%20Collectors%20038ecb902478415e8b99c9a880990a1d.md) ","Bellmark’s Landing (Bellmark%E2%80%99s%20Landing%2054c76e237a3b470da0856b090bec2ee2.md) ","Gnome (Gnome%20ba19298cf2754c99a3cc46dc98eb5762.md) "
Mildred Kylee,"Arcanist of the Quills of Ios (Quills%20of%20Ios%206a92bc4f5c7c4629a25e19d47d321171.md), Mildey",Quills of Ios,"Midnight Note (Midnight%20Note%20aabd4488c4ea43c393d10542ec8af339.md) ",63,3152,,"Quills of Ios (Quills%20of%20Ios%206a92bc4f5c7c4629a25e19d47d321171.md) ","Pandemonium (Plane of Chaos) (Pandemonium%20(Plane%20of%20Chaos)%20375249c38c0c4dc39d6cd24993a3eb35.md) ","Fairy (Fairy%20b1efd6fec06c4ea49830b03850611a97.md) "
Milena Goldleaf,-,Valkoria,"Valkorian Sunstriker (Valkorian%20Sunstriker%20022238d5c0024e84a1aa88a05af19c06.md) ",43,2375,2418,,"Valkoria (Valkoria%2063188c93864440e591a3528e50868ec6.md) ","Human (Human%2011face1141c540a18f85f67c37bf395b.md) "
Mirabel Varzand,Banker,"Bellmark's Landing, Coffer of Equity","Coffer of Equity (Coffer%20of%20Equity%20c9f978ddfe834d268434bbaf3c295f7b.md) Bellmark’s Landing (Bellmark%E2%80%99s%20Landing%2054c76e237a3b470da0856b090bec2ee2.md) ",57,3158,,"Coffer of Equity (Coffer%20of%20Equity%20c9f978ddfe834d268434bbaf3c295f7b.md) ","Bellmark’s Landing (Bellmark%E2%80%99s%20Landing%2054c76e237a3b470da0856b090bec2ee2.md) ","Gnome (Gnome%20ba19298cf2754c99a3cc46dc98eb5762.md) "
Mirelle,Sister Mirelle,"Church of the Twelve, Dune's Crossing",,35,3180,,"Church of the Twelve (Church%20of%20the%20Twelve%20a51ac19679214ca0b7344cddc3961507.md) ","Dune’s Crossing (Dune%E2%80%99s%20Crossing%201bd75a22781a80e699d4efb321641172.md) ","Human (Human%2011face1141c540a18f85f67c37bf395b.md) "
Moira Lockeheart,Ebon Syndicate (Ebon%20Syndicate%200374ad3a87cf4255bcfbadb2c0df9b5f.md) Raven,"Bellmark's Landing, Ebon Syndicate","Ebon Syndicate (Ebon%20Syndicate%200374ad3a87cf4255bcfbadb2c0df9b5f.md) ",24,3191,,"Ebon Syndicate (Ebon%20Syndicate%200374ad3a87cf4255bcfbadb2c0df9b5f.md) ","Bellmark’s Landing (Bellmark%E2%80%99s%20Landing%2054c76e237a3b470da0856b090bec2ee2.md) ","Human (Human%2011face1141c540a18f85f67c37bf395b.md) "
Morgan Malcoris,"Lord of the Malcoris Family and Duke of Darkmoor (Darkmoor%203254469a048741b89b86d393f5ca5688.md) ","Darkmoor, Tenebrium, Xifajk","Silas Kirkwood (Silas%20Kirkwood%20d04a2140535d4ad1b98ca582cd06d070.md) Malcoris Family (Malcoris%20Family%2041638d15596c4c69914115100a4d2836.md) ",55,3160,,Lord of the Malcoris Family,"Darkmoor (Darkmoor%203254469a048741b89b86d393f5ca5688.md) ","Fiend (Fiend%205049cfc5296c4178bea52b4bbcb5a689.md) "
Morrgan,Carpenter,"Mistvale, Mz'Lupakku","Covenant of the Wolf (Covenant%20of%20the%20Wolf%2012575a22781a80d99e01f30949cd5c3f.md) ",40,3175,,"Covenant of the Wolf (Covenant%20of%20the%20Wolf%2012575a22781a80d99e01f30949cd5c3f.md) ","Mz’Lupakku (Mz%E2%80%99Lupakku%2012575a22781a8030a6b3ef34e94fc9b3.md) ","Sylfkin (Sylfkin%2011f75a22781a80169aa7f3cc74aa5ac0.md) "
"

Nimblewick Gearspindle",,Azureglade,"Darklight (Darklight%201ac75a22781a808ba9b2e4a0340ab212.md) ",65,3150,,,"Azureglade (Azureglade%2018675a22781a8034896cfec74067092c.md) ","Gnome (Gnome%20ba19298cf2754c99a3cc46dc98eb5762.md) "
Odir Steelbranch,Captain of the Red Swallow,Children of Leven,"Children of Leven (Children%20of%20Leven%2030e9783ada974b4585cd6c5222c05939.md) ",56,3159,,"Children of Leven (Children%20of%20Leven%2030e9783ada974b4585cd6c5222c05939.md) ","Ark of Leven (Ark%20of%20Leven%20fe59ba89f7544b90ba139ded1b5b992e.md) ","Dwarf (Dwarf%207b5851a6b05341bcb4d77736f736b8f8.md) "
OHI4234 ‘Rune’,Runesmith,Emberdeep,"Ravana’s Aegis (Ravana%E2%80%99s%20Aegis%2020775a22781a8016a59ccf559e09ee83.md) ",30,3185,,"Ironstone Consortium (Ironstone%20Consortium%2011275a22781a80be90e7ce7c409785fd.md) ","Howlcrest (Howlcrest%20332eac8a6dc1479da57f61a0b0f6b116.md) ","Forgeborn (Forgeborn%20bc063bad27a6430d94a7bda0638c9f4b.md) "
Olcinia Fulviana,"Scholar of Stellaria (Stellaria%20f6088af7dce147c4aa46a6e35340ae67.md) ","Argentcourt, Stellaria","Stellaria (Stellaria%20f6088af7dce147c4aa46a6e35340ae67.md) ",50,3165,,,"Stellaria (Stellaria%20f6088af7dce147c4aa46a6e35340ae67.md) ","Fellintran Elf (Fellintran%20Elf%20beccd90e1d7446078ec525d40007b5ca.md) "
Olivia Goldleaf,"Songbird, Head of Duztar’s Step (Duztar%E2%80%99s%20Step%20186ea4cd71c447149950d98abcc3fc92.md) ","Duztar's Step, Queendom of Nya'Tallin","Milena Goldleaf (Milena%20Goldleaf%20a8fb20aa07314eafb1a906c1cb0a9e8b.md) Fowlin ‘Kellyn’ Goldleaf (Fowlin%20%E2%80%98Kellyn%E2%80%99%20Goldleaf%206ed7070e547343c083c753a11cf373e3.md) Duztar’s Step (Duztar%E2%80%99s%20Step%20186ea4cd71c447149950d98abcc3fc92.md) ",94,3120,3214,House Goldleaf,"Duztar’s Step (Duztar%E2%80%99s%20Step%20186ea4cd71c447149950d98abcc3fc92.md) ","Human (Human%2011face1141c540a18f85f67c37bf395b.md) "
Pedro Barille,Pedro the Baker,"Bellmark's Landing, Copper Rats","Bellmark’s Landing (Bellmark%E2%80%99s%20Landing%2054c76e237a3b470da0856b090bec2ee2.md) Copper Rats (Copper%20Rats%2080dc3a7e773e4b7f97ceadc9f93ace8c.md) Midnight Note (Midnight%20Note%20aabd4488c4ea43c393d10542ec8af339.md) ",57,3158,,"Copper Rats (Copper%20Rats%2080dc3a7e773e4b7f97ceadc9f93ace8c.md) ","Bellmark’s Landing (Bellmark%E2%80%99s%20Landing%2054c76e237a3b470da0856b090bec2ee2.md) ","Jotun (Jotun%20854ab2adba3d4ce09e6d2109bb4651e5.md) "
Philip Elluvarden,Elluvarden’s Emporium,"Bellmark's Landing, Elluvarden's Emporium","Elluvarden's Extraordinary Enchanting Emporium (Elluvarden's%20Extraordinary%20Enchanting%20Emporium%205354e636454f47a8b0d1772b3a026801.md) Bellmark’s Landing (Bellmark%E2%80%99s%20Landing%2054c76e237a3b470da0856b090bec2ee2.md) ",25,3190,,"Elluvarden's Extraordinary Enchanting Emporium (Elluvarden's%20Extraordinary%20Enchanting%20Emporium%205354e636454f47a8b0d1772b3a026801.md) ","Bellmark’s Landing (Bellmark%E2%80%99s%20Landing%2054c76e237a3b470da0856b090bec2ee2.md) ","Human (Human%2011face1141c540a18f85f67c37bf395b.md) "
Prilla,Merchant and Trader,"Mistvale, Mz'Lupakku","Covenant of the Wolf (Covenant%20of%20the%20Wolf%2012575a22781a80d99e01f30949cd5c3f.md) ",17,3198,,"Covenant of the Wolf (Covenant%20of%20the%20Wolf%2012575a22781a80d99e01f30949cd5c3f.md) ","Mz’Lupakku (Mz%E2%80%99Lupakku%2012575a22781a8030a6b3ef34e94fc9b3.md) ","Sylfkin (Sylfkin%2011f75a22781a80169aa7f3cc74aa5ac0.md) "
Quintus Alberic,The Steel Mage,Bellmark's Landing,"Bellmark’s Landing (Bellmark%E2%80%99s%20Landing%2054c76e237a3b470da0856b090bec2ee2.md) Ebon Syndicate (Ebon%20Syndicate%200374ad3a87cf4255bcfbadb2c0df9b5f.md) ",81,3134,,,"Bellmark’s Landing (Bellmark%E2%80%99s%20Landing%2054c76e237a3b470da0856b090bec2ee2.md) ","Elementian (Elementian%208e75da99a0c04701a3154f15663d11f8.md) Ashen Elf (Ashen%20Elf%20242958fba0aa4fbcb32c3ddfb19e4353.md) "
Qukkiiri,"Smithy, Also known as Qukki","Mistvale, Mz'Lupakku","Covenant of the Wolf (Covenant%20of%20the%20Wolf%2012575a22781a80d99e01f30949cd5c3f.md) ",57,3158,,"Covenant of the Wolf (Covenant%20of%20the%20Wolf%2012575a22781a80d99e01f30949cd5c3f.md) ","Mz’Lupakku (Mz%E2%80%99Lupakku%2012575a22781a8030a6b3ef34e94fc9b3.md) ","Sylfkin (Sylfkin%2011f75a22781a80169aa7f3cc74aa5ac0.md) "
Radegundh V Duskember,Rade,"Bellmark's Landing, Midnight Note, Quills of Ios, Vakkengard","Midnight Note (Midnight%20Note%20aabd4488c4ea43c393d10542ec8af339.md) Quills of Ios (Quills%20of%20Ios%206a92bc4f5c7c4629a25e19d47d321171.md) ",25,3190,,"Quills of Ios (Quills%20of%20Ios%206a92bc4f5c7c4629a25e19d47d321171.md) Midnight Note (Midnight%20Note%20aabd4488c4ea43c393d10542ec8af339.md) ","Vakkengard (Titan’s Rest) (Vakkengard%20(Titan%E2%80%99s%20Rest)%20b8c329549abf41648464107b78a72b2a.md) ","Ashen Elf (Ashen%20Elf%20242958fba0aa4fbcb32c3ddfb19e4353.md) "
Ragda Frey,"Nightingale of the Ebon Syndicate (Ebon%20Syndicate%200374ad3a87cf4255bcfbadb2c0df9b5f.md) , The Fence","Bellmark's Landing, Ebon Syndicate","Ebon Syndicate (Ebon%20Syndicate%200374ad3a87cf4255bcfbadb2c0df9b5f.md) ",57,3158,,"Ebon Syndicate (Ebon%20Syndicate%200374ad3a87cf4255bcfbadb2c0df9b5f.md) ","Bellmark’s Landing (Bellmark%E2%80%99s%20Landing%2054c76e237a3b470da0856b090bec2ee2.md) ","Dwarf (Dwarf%207b5851a6b05341bcb4d77736f736b8f8.md) "
Rain Domarien,-,Valkoria,"Valkorian Sunstriker (Valkorian%20Sunstriker%20022238d5c0024e84a1aa88a05af19c06.md) ",95,2350,2445,,"Valkoria (Valkoria%2063188c93864440e591a3528e50868ec6.md) ","Gnome (Gnome%20ba19298cf2754c99a3cc46dc98eb5762.md) "
Rask,,,"Karfixia (Karfixia%201c875a22781a80d0bc68d406cd1738fd.md) ",33,3182,,,"Cobalt Forest (Cobalt%20Forest%2018675a22781a804ebf16d0524faa6b2f.md) ","Dragonspawn  (Dragonspawn%2003131ac8612e4024979a7da21831d939.md) "
Rektar Grey,Warlord & The Bloodyhanded,"Darkwatch Hold, Deathbringer Clan","Karoq Urkhaz aka Deathbringers (Karoq%20Urkhaz%20aka%20Deathbringers%20384e06ae90004026bf2921772023304f.md) Darkwatch Hold (Darkwatch%20Hold%207803ea5028b24f3b8b40363da2656f3b.md) ",70,3145,,"Karoq Urkhaz aka Deathbringers (Karoq%20Urkhaz%20aka%20Deathbringers%20384e06ae90004026bf2921772023304f.md) ","Darkwatch Hold (Darkwatch%20Hold%207803ea5028b24f3b8b40363da2656f3b.md) ","Jotun (Jotun%20854ab2adba3d4ce09e6d2109bb4651e5.md) "
Remi,,,"Spin To Win (Spin%20To%20Win%201bc75a22781a80eb9898c1f82e87955c.md) ",20,3195,,,"Pandemonium (Plane of Chaos) (Pandemonium%20(Plane%20of%20Chaos)%20375249c38c0c4dc39d6cd24993a3eb35.md) ","Fairy (Fairy%20b1efd6fec06c4ea49830b03850611a97.md) "
Renley Flintworth,Butler,Queendom of Nya'Tallin,"House Stonecutter (House%20Stonecutter%20aceb54e4f0f345669cce71f825637f83.md) ",45,3170,,,"House Stonecutter (House%20Stonecutter%20aceb54e4f0f345669cce71f825637f83.md) ","Fellintran Elf (Fellintran%20Elf%20beccd90e1d7446078ec525d40007b5ca.md) "
Reuben Steel,,"Bellmark's Landing, The Hoard, Vakkengard","The Hoard (The%20Hoard%204ce3b4350ee04ffda2b8b8ff05315728.md) ",45,3170,,"The Hoard (The%20Hoard%204ce3b4350ee04ffda2b8b8ff05315728.md) ","Bellmark’s Landing (Bellmark%E2%80%99s%20Landing%2054c76e237a3b470da0856b090bec2ee2.md) ","Fiendspawn (Fiendspawn%205223a6b6b6b94d348478ed8a35569169.md) "
Rhodri Malcoris,‘Wingless’,"Darkmoor, Queendom of Nya'Tallin","Malcoris Family (Malcoris%20Family%2041638d15596c4c69914115100a4d2836.md) Queendom of Nya’Tallin (Queendom%20of%20Nya%E2%80%99Tallin%20cd93d0f7f358493288358dfc3baef5b6.md) ",44,3171,,"Malcoris Family (Malcoris%20Family%2041638d15596c4c69914115100a4d2836.md) ","Darkmoor (Darkmoor%203254469a048741b89b86d393f5ca5688.md) ","Fiend (Fiend%205049cfc5296c4178bea52b4bbcb5a689.md) Xifajk (Xifajk%2083df4bd3d1e5417bb2117d559546cd1c.md) "
Rikke,"Spirit Guardian (Spirit%20Guardian%2012475a22781a808d9aa0c2bac0158cad.md) ",Mz'Lupakku,"Covenant of the Wolf (Covenant%20of%20the%20Wolf%2012575a22781a80d99e01f30949cd5c3f.md) ",1,3214,,"Covenant of the Wolf (Covenant%20of%20the%20Wolf%2012575a22781a80d99e01f30949cd5c3f.md) ","Mz’Lupakku (Mz%E2%80%99Lupakku%2012575a22781a8030a6b3ef34e94fc9b3.md) ","Spirit Guardian (Spirit%20Guardian%2012475a22781a808d9aa0c2bac0158cad.md) "
Ritter Stavanger,-,Valkoria,"Valkorian Sunstriker (Valkorian%20Sunstriker%20022238d5c0024e84a1aa88a05af19c06.md) ",78,2380,2458,,,"Orc (Orc%20cf277f33cd8a404c96c7975b92c26b0c.md) "
Roddak Grimmjaw,"Dockmaster at Bellmark’s Landing (Bellmark%E2%80%99s%20Landing%2054c76e237a3b470da0856b090bec2ee2.md) ",Bellmark's Landing,"Bellmark’s Landing (Bellmark%E2%80%99s%20Landing%2054c76e237a3b470da0856b090bec2ee2.md) ",48,3167,,,"Bellmark’s Landing (Bellmark%E2%80%99s%20Landing%2054c76e237a3b470da0856b090bec2ee2.md) ","Orc (Orc%20cf277f33cd8a404c96c7975b92c26b0c.md) "
Rouge Owlfeather,Ebon Syndicate (Ebon%20Syndicate%200374ad3a87cf4255bcfbadb2c0df9b5f.md) Raven,"Bellmark's Landing, Ebon Syndicate","Ebon Syndicate (Ebon%20Syndicate%200374ad3a87cf4255bcfbadb2c0df9b5f.md) ",23,3192,,"Ebon Syndicate (Ebon%20Syndicate%200374ad3a87cf4255bcfbadb2c0df9b5f.md) ","Bellmark’s Landing (Bellmark%E2%80%99s%20Landing%2054c76e237a3b470da0856b090bec2ee2.md) ","Gnome (Gnome%20ba19298cf2754c99a3cc46dc98eb5762.md) "
Roweena,Warden of the Wolf,Mz'Lupakku,"Covenant of the Wolf (Covenant%20of%20the%20Wolf%2012575a22781a80d99e01f30949cd5c3f.md) ",55,3160,,"Covenant of the Wolf (Covenant%20of%20the%20Wolf%2012575a22781a80d99e01f30949cd5c3f.md) ","Mz’Lupakku (Mz%E2%80%99Lupakku%2012575a22781a8030a6b3ef34e94fc9b3.md) ","Sylfkin (Sylfkin%2011f75a22781a80169aa7f3cc74aa5ac0.md) "
Saint Solera,Saint Solera the Luminary,Emberdeep,"Lumerium (Plane of Light) (Lumerium%20(Plane%20of%20Light)%207f2da552496c45d5b544d82df911103f.md) Elysium (Elysium%2018775a22781a8038a554e710a122a3ff.md) Emberdeep (Emberdeep%20970b2a8371ba4facad9c16f1a552038e.md) Church of the Twelve (Church%20of%20the%20Twelve%20a51ac19679214ca0b7344cddc3961507.md) ",60,2654,2714,"Church of the Twelve (Church%20of%20the%20Twelve%20a51ac19679214ca0b7344cddc3961507.md) ","Emberdeep (Emberdeep%20970b2a8371ba4facad9c16f1a552038e.md) ","Celestial (Celestial%20efe1f151703d415396ce9ab2939af69f.md) "
Saint Thaldar Stonewright,Saint,"Cerulia, Emberdeep","Emberdeep (Emberdeep%20970b2a8371ba4facad9c16f1a552038e.md) ",74,2217,2291,"Church of the Twelve (Church%20of%20the%20Twelve%20a51ac19679214ca0b7344cddc3961507.md) ","Emberdeep (Emberdeep%20970b2a8371ba4facad9c16f1a552038e.md) ","Dwarf (Dwarf%207b5851a6b05341bcb4d77736f736b8f8.md) "
Samwise Smith,Captain,Valkorian City-States,"Bellmark’s Landing (Bellmark%E2%80%99s%20Landing%2054c76e237a3b470da0856b090bec2ee2.md) ",51,3164,,"Morningtide Sails (Morningtide%20Sails%2064a204496aac40b0b1983f5c2f9ba86e.md) ","Bellmark’s Landing (Bellmark%E2%80%99s%20Landing%2054c76e237a3b470da0856b090bec2ee2.md) ","Human (Human%2011face1141c540a18f85f67c37bf395b.md) "
Selenna,"Spirit Guardian (Spirit%20Guardian%2012475a22781a808d9aa0c2bac0158cad.md) ",Mz'Lupakku,"Covenant of the Wolf (Covenant%20of%20the%20Wolf%2012575a22781a80d99e01f30949cd5c3f.md) ",30,3185,,"Covenant of the Wolf (Covenant%20of%20the%20Wolf%2012575a22781a80d99e01f30949cd5c3f.md) ","Mz’Lupakku (Mz%E2%80%99Lupakku%2012575a22781a8030a6b3ef34e94fc9b3.md) ","Spirit Guardian (Spirit%20Guardian%2012475a22781a808d9aa0c2bac0158cad.md) "
Shi-rai Igarashi,"Scholar of the Quills of Ios (Quills%20of%20Ios%206a92bc4f5c7c4629a25e19d47d321171.md) ","Bellmark's Landing, Quills of Ios","Midnight Note (Midnight%20Note%20aabd4488c4ea43c393d10542ec8af339.md) ",48,3167,,Quills of Ios (Quills%20of%20Ios%206a92bc4f5c7c4629a25e19d47d321171.md) Igarashi Family,"Bellmark’s Landing (Bellmark%E2%80%99s%20Landing%2054c76e237a3b470da0856b090bec2ee2.md) Yamagato (Yamagato%2046d0fc8d09494cf095ac9d96213767c8.md) ","Lightborn (Lightborn%200bc5d6fb80e64990a02dbbe2d5abf9dc.md) "
Shiva aka ‘Saint Shiva’,Saint,,"Church of the Twelve (Church%20of%20the%20Twelve%20a51ac19679214ca0b7344cddc3961507.md) Orinda (Goddess of Darkness) (Orinda%20(Goddess%20of%20Darkness)%201ba0ba9957314eefbeaf6ee60c227e13.md) ",80,2560,2640,"Church of the Twelve (Church%20of%20the%20Twelve%20a51ac19679214ca0b7344cddc3961507.md) ","Valkoria (Valkoria%2063188c93864440e591a3528e50868ec6.md) ","Fiend (Fiend%205049cfc5296c4178bea52b4bbcb5a689.md) "
Silas Kirkwood,Bishop of Saint Shiva,"Queendom of Nya'Tallin, Valkoria, Valkorian City-States, Witch's End","House Kirkwood (House%20Kirkwood%200d32f8e480364cd3aa3913ef0d395895.md) Queendom of Nya’Tallin (Queendom%20of%20Nya%E2%80%99Tallin%20cd93d0f7f358493288358dfc3baef5b6.md) ",42,3173,,"House Kirkwood (House%20Kirkwood%200d32f8e480364cd3aa3913ef0d395895.md) ","Witch’s End (Witch%E2%80%99s%20End%2068ed9e9cc8924625ae221afa3ecc3747.md) ","Fellintran Elf (Fellintran%20Elf%20beccd90e1d7446078ec525d40007b5ca.md) "
Spear of Dragons,"Retired Adventurer, Spear","Jade Dragoons, Vakkengard","Vakkengard (Titan’s Rest) (Vakkengard%20(Titan%E2%80%99s%20Rest)%20b8c329549abf41648464107b78a72b2a.md) ",55,3160,,,"Vakkengard (Titan’s Rest) (Vakkengard%20(Titan%E2%80%99s%20Rest)%20b8c329549abf41648464107b78a72b2a.md) ","Beastkin (Beastkin%209d4322a60f6c4f839ef527a292b33535.md) "
Stefanos Lightseeker,Astromancer,"Quills of Ios, Stellaria","Stellaria (Stellaria%20f6088af7dce147c4aa46a6e35340ae67.md) ",63,3152,,Lightseeker," Dawnsreach (Dawnsreach%20761cae0d1e6a43e2ae73a08f7d6fc2ce.md) ","Pale Elf (Pale%20Elf%20f2b604f694fe4bd2a9e78480a2b535e0.md) "
Taaro,Mz’Lupakku (Mz%E2%80%99Lupakku%2012575a22781a8030a6b3ef34e94fc9b3.md)’s Weapon Master,"Mistvale, Mz'Lupakku","Covenant of the Wolf (Covenant%20of%20the%20Wolf%2012575a22781a80d99e01f30949cd5c3f.md) ",24,3191,,"Covenant of the Wolf (Covenant%20of%20the%20Wolf%2012575a22781a80d99e01f30949cd5c3f.md) ","Mz’Lupakku (Mz%E2%80%99Lupakku%2012575a22781a8030a6b3ef34e94fc9b3.md) ","Sylfkin (Sylfkin%2011f75a22781a80169aa7f3cc74aa5ac0.md) "
Tatiana Starcaller,Librarian,Stellaria,"Stellaria (Stellaria%20f6088af7dce147c4aa46a6e35340ae67.md) ",33,3182,,Starcaller,"Stellaria (Stellaria%20f6088af7dce147c4aa46a6e35340ae67.md) ","Pale Elf (Pale%20Elf%20f2b604f694fe4bd2a9e78480a2b535e0.md) "
Tenerak of the Deathbringers,High-Shaman of the Deathbringers,"Darkwatch Hold, Deathbringer Clan","Karoq Urkhaz aka Deathbringers (Karoq%20Urkhaz%20aka%20Deathbringers%20384e06ae90004026bf2921772023304f.md) Darkwatch Hold (Darkwatch%20Hold%207803ea5028b24f3b8b40363da2656f3b.md) ",91,3124,,"Karoq Urkhaz aka Deathbringers (Karoq%20Urkhaz%20aka%20Deathbringers%20384e06ae90004026bf2921772023304f.md) ","Darkwatch Hold (Darkwatch%20Hold%207803ea5028b24f3b8b40363da2656f3b.md) ","Orc (Orc%20cf277f33cd8a404c96c7975b92c26b0c.md) "
Ternian Mavis,King Consort,Queendom of Nya'Tallin,"Queendom of Nya’Tallin (Queendom%20of%20Nya%E2%80%99Tallin%20cd93d0f7f358493288358dfc3baef5b6.md) ",66,3147,3213,"House Mavis (House%20Mavis%20328ee681854044d490cbd4510b8719f6.md) ","Isyen Lenora (Isyen%20Lenora%2025a3a780df3043f187093c732b6f279d.md) ","Human (Human%2011face1141c540a18f85f67c37bf395b.md) "
Thordin Blackfist,,,"Blackfist Clan (Blackfist%20Clan%2017875a22781a80ff8157d9b5f94967af.md) ",65,3150,,"Blackfist Clan (Blackfist%20Clan%2017875a22781a80ff8157d9b5f94967af.md) ","Emberdeep (Emberdeep%20970b2a8371ba4facad9c16f1a552038e.md) ","Dwarf (Dwarf%207b5851a6b05341bcb4d77736f736b8f8.md) "
Thori Stoneshaper,Mayor of Ordona,Ordona,"Ordona (Ordona%2097fdf7ca0d2f4b10aa4b2958a480b0b7.md) Midnight Note (Midnight%20Note%20aabd4488c4ea43c393d10542ec8af339.md) ",70,3145,,,"Ordona (Ordona%2097fdf7ca0d2f4b10aa4b2958a480b0b7.md) ","Dwarf (Dwarf%207b5851a6b05341bcb4d77736f736b8f8.md) "
Uka’ati the Great,"Chieftain of the Lawaiʻa Tribe (Lawai%CA%BBa%20Tribe%209519b7967ed94b77a4f3d263050fa959.md) ",Onakei,"Onakei (Onakei%2075acc5f4bb134fe5b9cc4e4d6c12b99d.md) ",55,3160,,Lawaiʻa Tribe (Lawai%CA%BBa%20Tribe%209519b7967ed94b77a4f3d263050fa959.md),Lawaiʻa Tribe (Lawai%CA%BBa%20Tribe%209519b7967ed94b77a4f3d263050fa959.md),"Elementian (Elementian%208e75da99a0c04701a3154f15663d11f8.md) Gnome (Gnome%20ba19298cf2754c99a3cc46dc98eb5762.md) "
Uleryn of the Deeps,Grand Admiral of the Ark of Leven,"Ark of Leven, Children of Leven","Children of Leven (Children%20of%20Leven%2030e9783ada974b4585cd6c5222c05939.md) Ark of Leven (Ark%20of%20Leven%20fe59ba89f7544b90ba139ded1b5b992e.md) ",50,3165,,"Children of Leven (Children%20of%20Leven%2030e9783ada974b4585cd6c5222c05939.md) ","Ark of Leven (Ark%20of%20Leven%20fe59ba89f7544b90ba139ded1b5b992e.md) ","Merfolk (Merfolk%206266460bb77246a8adbceb14653ff42c.md) "
Ulfgar Underhill,Commander of the Silver Guard,Emberdeep,"Emberguard (Emberguard%2018275a22781a806cb27adda3a65bbad1.md) ",30,3185,,"Emberguard (Emberguard%2018275a22781a806cb27adda3a65bbad1.md) ","Emberdeep (Emberdeep%20970b2a8371ba4facad9c16f1a552038e.md) ","Dwarf (Dwarf%207b5851a6b05341bcb4d77736f736b8f8.md) "
Uriel,,"Church of the Twelve, Dune's Crossing","Pilgrims of the Everlight (Pilgrims%20of%20the%20Everlight%201d975a22781a80bfa307f1f6b2f2526f.md) ",65,3150,,"Pilgrims of the Everlight (Pilgrims%20of%20the%20Everlight%201d975a22781a80bfa307f1f6b2f2526f.md) ","Dune’s Crossing (Dune%E2%80%99s%20Crossing%201bd75a22781a80e699d4efb321641172.md) ","Fellintran Elf (Fellintran%20Elf%20beccd90e1d7446078ec525d40007b5ca.md) "
Valkorian Sunstriker,"Chancellor, The Conqueror",Valkoria,"Valkoria (Valkoria%2063188c93864440e591a3528e50868ec6.md) ",110,2370,2480,Sunstriker Family,"Valkoria (Valkoria%2063188c93864440e591a3528e50868ec6.md) ","Human (Human%2011face1141c540a18f85f67c37bf395b.md) "
Vanaara,Beastmaster,"Mistvale, Mz'Lupakku","Covenant of the Wolf (Covenant%20of%20the%20Wolf%2012575a22781a80d99e01f30949cd5c3f.md) ",50,3165,,"Covenant of the Wolf (Covenant%20of%20the%20Wolf%2012575a22781a80d99e01f30949cd5c3f.md) ","Mz’Lupakku (Mz%E2%80%99Lupakku%2012575a22781a8030a6b3ef34e94fc9b3.md) ","Sylfkin (Sylfkin%2011f75a22781a80169aa7f3cc74aa5ac0.md) "
Varris Blackmantle,"Raven of the Ebon Syndicate (Ebon%20Syndicate%200374ad3a87cf4255bcfbadb2c0df9b5f.md) ","Arborea, Midnight Note","Arborea (Arborea%20641b19cc638e4cd088281ba148814e86.md)  Midnight Note (Midnight%20Note%20aabd4488c4ea43c393d10542ec8af339.md) Bellmark’s Landing (Bellmark%E2%80%99s%20Landing%2054c76e237a3b470da0856b090bec2ee2.md) ",33,3182,,"Ebon Syndicate (Ebon%20Syndicate%200374ad3a87cf4255bcfbadb2c0df9b5f.md) Quills of Ios (Quills%20of%20Ios%206a92bc4f5c7c4629a25e19d47d321171.md) ","Arborea (Arborea%20641b19cc638e4cd088281ba148814e86.md) Bellmark’s Landing (Bellmark%E2%80%99s%20Landing%2054c76e237a3b470da0856b090bec2ee2.md) ","Fellintran Elf (Fellintran%20Elf%20beccd90e1d7446078ec525d40007b5ca.md) "
Vasilios Starcaller,Professor,Stellaria,"Stellaria (Stellaria%20f6088af7dce147c4aa46a6e35340ae67.md) ",43,3172,,Starcaller,"Stellaria (Stellaria%20f6088af7dce147c4aa46a6e35340ae67.md) ","Pale Elf (Pale%20Elf%20f2b604f694fe4bd2a9e78480a2b535e0.md) "
Viktor Meroni,Ebon Syndicate (Ebon%20Syndicate%200374ad3a87cf4255bcfbadb2c0df9b5f.md) Shadowblade,"Brecca, Ebon Syndicate","Varris Blackmantle (Varris%20Blackmantle%205225eea635564ec3816e33dd88758d06.md) ",45,3170,,"Ebon Syndicate (Ebon%20Syndicate%200374ad3a87cf4255bcfbadb2c0df9b5f.md) ","Brecca (Brecca%204a1aaaf17d6f4a94a65b447a3df77421.md) Bellmark’s Landing (Bellmark%E2%80%99s%20Landing%2054c76e237a3b470da0856b090bec2ee2.md) Valkorian City-States (Valkorian%20City-States%2094cc103e39aa4dc4a9e2e08376851195.md) ","Human (Human%2011face1141c540a18f85f67c37bf395b.md) "
Violet Whisper,Whisper,"Bellmark's Landing, Copper Rats","Bellmark’s Landing (Bellmark%E2%80%99s%20Landing%2054c76e237a3b470da0856b090bec2ee2.md) Copper Rats (Copper%20Rats%2080dc3a7e773e4b7f97ceadc9f93ace8c.md) Midnight Note (Midnight%20Note%20aabd4488c4ea43c393d10542ec8af339.md) Ebon Syndicate (Ebon%20Syndicate%200374ad3a87cf4255bcfbadb2c0df9b5f.md) ",31,3182,3213,"Copper Rats (Copper%20Rats%2080dc3a7e773e4b7f97ceadc9f93ace8c.md) ","Bellmark’s Landing (Bellmark%E2%80%99s%20Landing%2054c76e237a3b470da0856b090bec2ee2.md) ","Ashen Elf (Ashen%20Elf%20242958fba0aa4fbcb32c3ddfb19e4353.md) "
Vogan of the Deathbringers,"Chieftain of the Deathbringers ","Darkwatch Hold, Deathbringer Clan","Karoq Urkhaz aka Deathbringers (Karoq%20Urkhaz%20aka%20Deathbringers%20384e06ae90004026bf2921772023304f.md) Darkwatch Hold (Darkwatch%20Hold%207803ea5028b24f3b8b40363da2656f3b.md) ",71,3144,,"Karoq Urkhaz aka Deathbringers (Karoq%20Urkhaz%20aka%20Deathbringers%20384e06ae90004026bf2921772023304f.md) ","Darkwatch Hold (Darkwatch%20Hold%207803ea5028b24f3b8b40363da2656f3b.md) ","Orc (Orc%20cf277f33cd8a404c96c7975b92c26b0c.md) "
Voror the 18th,-,"Bone Collectors, Falls of Gohondar","Midnight Note (Midnight%20Note%20aabd4488c4ea43c393d10542ec8af339.md) Bone Collectors (Bone%20Collectors%20038ecb902478415e8b99c9a880990a1d.md) ",31,3182,3213,Voror Family,"Falls of Gohondar (Falls%20of%20Gohondar%20d07eb0543c1448ef9bb03ec5f4d22f3c.md) ","Titanborn (Titanborn%20cfc56316494e4efeb581fb61e10eabab.md) "
William Collins,"Mayor of Caershire (Caershire%2036d5df387f5c40279e7840966f055daa.md) ",Caershire,"Caershire (Caershire%2036d5df387f5c40279e7840966f055daa.md) ",43,3172,,,"Caershire (Caershire%2036d5df387f5c40279e7840966f055daa.md) ","Fellintran Elf (Fellintran%20Elf%20beccd90e1d7446078ec525d40007b5ca.md) "
Xerxes The Black,Pentalord of the West,"Lord of Darkness, Pentalord","Darkmoor (Darkmoor%203254469a048741b89b86d393f5ca5688.md) Tenebrium (Plane of Darkness) (Tenebrium%20(Plane%20of%20Darkness)%207718024e47414800b2c2b6077c344e7d.md) ",3215,,,,Tenebrium (Plane of Darkness) (Tenebrium%20(Plane%20of%20Darkness)%207718024e47414800b2c2b6077c344e7d.md) Eastern Realm,"Fiend (Fiend%205049cfc5296c4178bea52b4bbcb5a689.md) "
Xugor Blackblade,-,Ordona,"Ordona (Ordona%2097fdf7ca0d2f4b10aa4b2958a480b0b7.md) ",28,3187,,,"Ordona (Ordona%2097fdf7ca0d2f4b10aa4b2958a480b0b7.md) ","Orc (Orc%20cf277f33cd8a404c96c7975b92c26b0c.md) "
Yefan Pelkin,Steward of the Quills,Quills of Ios,"Quills of Ios (Quills%20of%20Ios%206a92bc4f5c7c4629a25e19d47d321171.md) ",95,3119,3214,"Quills of Ios (Quills%20of%20Ios%206a92bc4f5c7c4629a25e19d47d321171.md) ","Dimension Library of the @Quills of Ios  (Dimension%20Library%20of%20the%20@Quills%20of%20Ios%20964b9ec9301c4bab9e070303bf86200a.md) ","Gnome (Gnome%20ba19298cf2754c99a3cc46dc98eb5762.md) "
Yngrid Runespine,"Knight Chronicler, Sister Yngrid",Emberdeep,"Knight Orders of the Twelve (Knight%20Orders%20of%20the%20Twelve%2018475a22781a801ea757c2c341485727.md) ",3215,,,,,
Yorgos Darktwilight,"Engineer of Stellaria (Stellaria%20f6088af7dce147c4aa46a6e35340ae67.md) ",Stellaria,"Stellaria (Stellaria%20f6088af7dce147c4aa46a6e35340ae67.md) ",48,3167,,,"Stellaria (Stellaria%20f6088af7dce147c4aa46a6e35340ae67.md) ","Pale Elf (Pale%20Elf%20f2b604f694fe4bd2a9e78480a2b535e0.md) "
Zan Glittercase,Master Zan,Cerulia,"Cerulia (Cerulia%208fad80600fff487ab3fd9d21ef4f94c7.md) ",85,3130,,,"Cerulia (Cerulia%208fad80600fff487ab3fd9d21ef4f94c7.md) ","Gnome (Gnome%20ba19298cf2754c99a3cc46dc98eb5762.md) "
Zinzeiros Valimarie,Archmagus of Finance,"Argentcourt, Lycia","Lycia (Lycia%20402bf15c994f402cbbf4ef7250df6463.md) ",82,3133,,"Archmagi of Lycia (Archmagi%20of%20Lycia%201eaaceb5525d487ba938d86fd71cc537.md) ","Argentcourt (Argentcourt%20b41a9e66f343460486a277b32660228c.md) ","Beastkin (Beastkin%209d4322a60f6c4f839ef527a292b33535.md) "